,title,price
0,Reebok Men's Workout TR 2.0 Shoes,"INR 2,193.35"
1,Dickies Men's 85283 Loose Fit Double Knee Cell Phone Pocket Work Pants,"INR 1,781.97"
2,Breville BES870 The Barista Espresso Coffee Machine (COLOR),"INR 34,281.11"
3,Dyson V6 Trigger + Cordless Handheld Vacuum | Purple | New,"INR 6,855.67"
4,"LG  55""4K UHD Smart IPS LED TV with HDR & Built-in Google Assistant 55UK6300PUE",NA
5,925 Silver Platinum Plated Fissure Filled Ruby Zircon Stud Solitaire Earrings,"INR 4,043.88"
6,Instant Pot IP-LUX60 6-in-1 Programmable Pressure Cooker 6-Quart 1000-Watt,"INR 3,976.69"
7,1/4 ct Diamond 'S' Link Tennis Bracelet in Sterling Silver-Plated Brass,"INR 1,891.67"
8,Converse Chuck Taylor All Star Low Top Sneakers White - Mens,"INR 2,601.99"
9,New Rado Hyperchrome Black Dial Steel & Gold Tone Men's Watch R32184152,"INR 35,653.07"
10,JBL UA SPORT FLEX - Wireless Neckband Sport Headphones Grey,"INR 2,741.86"
11,Acer Nitro 5 Gaming Laptop Intel i5 2.30GHz 8GB Ram 256GB SSD Windows 10 Home,"INR 34,281.11"
12,PlayStation 4 Slim 1TB Call of Duty: Black Ops 4 Bundle + Extra PS4 Controller,"INR 23,310.94"
13,"New Husqvarna 435 E-Series 16"" Gas Powered X-Cut Low Emission Chainsaw 967650802","INR 16,112.44"
14,Suunto Ambit 3 Run GPS Watch for Running with Mobile Connection,"INR 11,652.38"
15,Green Mountain Davy Crockett Wifi Control Portable Wood Pellet Electric Grill,NA
16,Samsonite E-Volve DLX Spinner - Luggage,"INR 5,141.58"
17,1 oz Gold Bar Perth Mint In Assay .9999 Fine - SKU #84706,"INR 90,633.53"
18,Apple iPhone 7 Plus 128GB GSM Unlocked Smartphone,"INR 22,282.48"
19,4 New RBP Repulsor M/T RX 33X12.50R20LT 114Q All Terrain Mud Tires MT,"INR 49,803.22"
20,"Samsung Galaxy Tab S2 SM-T813NZKEXAR 9.7"" 32GB Wi-Fi Black","INR 12,752.14"
21,iC-sPIRIT HEAT SHIATSU RECLINER SLIDING ZERO GRAVITY SPA FULL BODY MASSAGE CHAIR,"INR 75,419.27"
22,"Samsung Galaxy Tab S2 SM-T813NZKFXAR 9.7"" 64GB Wi-Fi Black","INR 15,426.12"
23,"Ledger Nano S Cryptocurrency Hardware USB Wallet Bitcoin, Ethereum, Altcoins","INR 3,427.49"
